,Date,Open,High,Low,Close,Adj Close,Volume
2420,2007-08-17,28.09,28.25,27.82,28.25,21.204178,76747700
2421,2007-08-20,28.18,28.49,28.08,28.26,21.211685,49952000
2422,2007-08-21,28.1,28.32,27.870001000000002,28.07,21.069067,50786200
2423,2007-08-22,28.27,28.32,28.01,28.219998999999998,21.181658,44763500
2424,2007-08-23,28.280001000000002,28.33,28.1,28.299999,21.241705,33886600
2425,2007-08-24,28.209999,28.84,28.07,28.809998999999998,21.62451,45158900
2426,2007-08-27,28.610001,28.77,28.4,28.49,21.384317000000003,32789500
2427,2007-08-28,28.299999,28.49,27.91,27.93,20.963989,43924400
2428,2007-08-29,28.129998999999998,28.610001,27.82,28.59,21.459377,45753700
2429,2007-08-30,28.42,28.93,28.32,28.450001,21.354298,33690700
2430,2007-08-31,28.700001,28.92,28.360001,28.73,21.564457,42511900
2431,2007-09-04,28.5,29.1,28.48,28.809998999999998,21.62451,45689600
2432,2007-09-05,28.65,28.73,28.42,28.48,21.376812,47669800
2433,2007-09-06,28.559998999999998,29.01,28.549999,28.91,21.699568,45430800
2434,2007-09-07,28.620001000000002,28.83,28.32,28.440001000000002,21.346794,52160900
2435,2007-09-10,28.67,28.75,28.41,28.48,21.376812,37247600
2436,2007-09-11,28.629998999999998,28.950001,28.58,28.93,21.714579,34380800
2437,2007-09-12,28.809998999999998,29.17,28.799999,28.93,21.714579,42364700
2438,2007-09-13,29.120001000000002,29.26,28.959999,29.16,21.887210999999997,35288600
2439,2007-09-14,28.98,29.110001,28.879998999999998,29.040001,21.797144,33496600
2440,2007-09-17,28.790001,28.879998999999998,28.620001000000002,28.73,21.564457,39536500
2441,2007-09-18,28.700001,28.969998999999998,28.27,28.93,21.714579,77462400
2442,2007-09-19,28.870001000000002,28.91,28.299999,28.67,21.519423,94242200
2443,2007-09-20,28.48,28.58,28.34,28.42,21.331779,67168900
2444,2007-09-21,28.690001000000002,28.809998999999998,28.440001000000002,28.65,21.504416,135636100
2445,2007-09-24,28.809998999999998,29.610001,28.799999,29.08,21.827168,104459800
2446,2007-09-25,29.139999,29.559998999999998,29.110001,29.559998999999998,22.187454000000002,75621000
2447,2007-09-26,29.68,29.85,29.48,29.5,22.142416,60337000
2448,2007-09-27,29.700001,29.719998999999998,29.440001000000002,29.49,22.134911,43407100
2449,2007-09-28,29.49,29.690001000000002,29.23,29.459999,22.112391,45819100
2450,2007-10-01,29.459999,29.790001,29.41,29.77,22.345076000000002,43875100
2451,2007-10-02,29.700001,29.85,29.57,29.700001,22.29253,33700900
2452,2007-10-03,29.709999,29.85,29.290001,29.450001,22.104893,37633900
2453,2007-10-04,29.559998999999998,29.77,29.440001000000002,29.709999,22.300037,37868000
2454,2007-10-05,29.889999,29.99,29.73,29.84,22.397617,45012300
2455,2007-10-08,29.66,29.85,29.6,29.84,22.397617,30265400
2456,2007-10-09,30.030001000000002,30.389999,30.0,30.1,22.592773,63603100
2457,2007-10-10,30.040001,30.370001000000002,30.030001000000002,30.23,22.690348,32251500
2458,2007-10-11,30.299999,30.629998999999998,29.790001,29.91,22.450153,50788400
2459,2007-10-12,30.030001000000002,30.4,29.950001,30.17,22.645313,31121100
2460,2007-10-15,30.1,30.33,30.0,30.040001,22.547735,47150500
2461,2007-10-16,30.24,30.58,30.23,30.32,22.757901999999998,56286200
2462,2007-10-17,30.75,31.23,30.65,31.08,23.32835,86092400
2463,2007-10-18,31.219998999999998,31.23,30.629998999999998,31.16,23.388403,49208600
2464,2007-10-19,31.09,31.09,30.110001,30.17,22.645313,75200200
2465,2007-10-22,30.120001000000002,30.700001,30.120001000000002,30.51,22.900515,58785100
2466,2007-10-23,30.709999,31.120001000000002,30.709999,30.9,23.193245,49956200
2467,2007-10-24,30.85,31.299999,30.5,31.25,23.455948,77979200
2468,2007-10-25,31.57,32.220001,31.49,31.99,24.011389,169588700
2469,2007-10-26,36.009997999999996,36.029999,34.560001,35.029999,26.293177000000004,288121200
2470,2007-10-29,34.849998,35.290001000000004,34.450001,34.57,25.947907999999998,114655600
2471,2007-10-30,34.369999,35.59,34.349998,35.57,26.698494,107297300
2472,2007-10-31,35.52,37.0,35.509997999999996,36.810001,27.629236,185635800
2473,2007-11-01,36.529999,37.490002000000004,36.360001000000004,37.060001,27.816874,152078800
2474,2007-11-02,37.220001,37.5,36.419998,37.060001,27.816874,96389800
2475,2007-11-05,36.759997999999996,37.099998,36.630001,36.73,27.569183000000002,75485400
2476,2007-11-06,36.59,36.66,35.869999,36.41,27.328999,100966700
2477,2007-11-07,36.040001000000004,36.16,35.450001,35.52,26.660973,74897800
2478,2007-11-08,35.599998,35.900002,34.400002,34.740002000000004,26.075506,133742400
2479,2007-11-09,34.18,34.540001000000004,33.650002,33.73,25.317411,125136900
2480,2007-11-12,33.32,33.709998999999996,33.02,33.380001,25.054705,84865200
2481,2007-11-13,33.540001000000004,34.669998,33.380001,34.459998999999996,25.950859,104311500
2482,2007-11-14,34.619999,34.75,33.75,33.93,25.551735,84063100
2483,2007-11-15,33.759997999999996,34.099998,33.549999,33.759997999999996,25.423712,64014100
2484,2007-11-16,33.860001000000004,34.259997999999996,33.709998999999996,34.09,25.672222,71113800
2485,2007-11-19,33.959998999999996,34.240002000000004,33.869999,33.959998999999996,25.574322,63026200
2486,2007-11-20,34.23,34.970001,34.099998,34.580002,26.041231,100009400
2487,2007-11-21,34.400002,34.73,34.18,34.23,25.777658,89518700
2488,2007-11-23,34.360001000000004,34.439999,33.709998999999996,34.110001000000004,25.687284,33467200
2489,2007-11-26,34.09,34.369999,32.93,32.970001,24.828787,80335000
2490,2007-11-27,33.27,33.599998,32.68,33.060001,24.896564,84178400
2491,2007-11-28,33.380001,33.889998999999996,32.900002,33.700001,25.378523,88585000
2492,2007-11-29,33.580002,33.93,33.310001,33.59,25.295694,53633600
2493,2007-11-30,33.919998,34.119999,33.189999,33.599998,25.303221,71027800
2494,2007-12-03,33.5,33.639998999999996,32.68,32.919998,24.791126000000002,61770600
2495,2007-12-04,32.740002000000004,33.240002000000004,32.630001,32.77,24.678171,54801500
2496,2007-12-05,33.139998999999996,34.52,33.029999,34.150002,25.717409,84894700
2497,2007-12-06,34.259997999999996,34.610001000000004,33.869999,34.549999,26.018639,49209700
2498,2007-12-07,34.610001000000004,34.700001,34.220001,34.529999,26.003574,40771000
2499,2007-12-10,34.639998999999996,34.950001,34.470001,34.759997999999996,26.176786,36083500
2500,2007-12-11,34.73,34.990002000000004,33.93,34.099998,25.679752,55070700
2501,2007-12-12,34.610001000000004,35.09,33.93,34.470001,25.958399,63345400
2502,2007-12-13,34.48,35.450001,34.279999,35.220001,26.523193,73913200
2503,2007-12-14,35.049999,35.84,35.009997999999996,35.310001,26.590969,71126200
2504,2007-12-17,35.029999,35.130001,34.360001000000004,34.389998999999996,25.898144,58121200
2505,2007-12-18,34.639998999999996,35.0,34.209998999999996,34.740002000000004,26.161718,52791800
2506,2007-12-19,34.689999,35.139998999999996,34.380001,34.790001000000004,26.199381,58469100
2507,2007-12-20,35.290001000000004,35.790001000000004,35.080002,35.52,26.749121000000002,59345000
2508,2007-12-21,35.900002,36.060001,35.75,36.060001,27.155775,83240500
2509,2007-12-24,36.130001,36.720001,36.049999,36.580002,27.547379,29622600
2510,2007-12-26,36.41,36.639998999999996,36.259997999999996,36.610001000000004,27.569965000000003,30252400
2511,2007-12-27,36.349998,36.549999,35.939999,35.970001,27.087996999999998,33311100
2512,2007-12-28,36.099998,36.23,35.669998,36.119999,27.200958,33447200
2513,2007-12-31,35.900002,35.990002000000004,35.52,35.599998,26.809368,35229700
2514,2008-01-02,35.790001000000004,35.959998999999996,35.0,35.220001,26.523193,63004200
2515,2008-01-03,35.220001,35.650002,34.860001000000004,35.369999,26.636165999999996,49599600
2516,2008-01-04,35.189999,35.200001,34.09,34.380001,25.890617000000002,72090800
2517,2008-01-07,34.549999,34.799999,34.25,34.610001000000004,26.063828,80164300
2518,2008-01-08,34.709998999999996,34.709998999999996,33.400002,33.450001,25.190251999999997,79148300
2519,2008-01-09,33.360001000000004,34.540001000000004,33.349998,34.439999,25.935793,74305500
2520,2008-01-10,34.349998,34.5,33.779999,34.330002,25.852968,72446000
2521,2008-01-11,34.139998999999996,34.240002000000004,33.720001,33.91,25.53668,55187900
2522,2008-01-14,34.459998999999996,34.57,34.080002,34.389998999999996,25.898144,52792200
2523,2008-01-15,34.029999,34.380001,34.0,34.0,25.604448,61606200
2524,2008-01-16,33.419998,33.650002,32.509997999999996,33.23,25.024584,120778500
2525,2008-01-17,33.540001000000004,33.799999,32.970001,33.110001000000004,24.934216,94247800
2526,2008-01-18,33.16,34.0,32.970001,33.009997999999996,24.858906,117062000
2527,2008-01-22,31.540001,32.529999,31.5,31.959999,24.068179999999998,108521400
2528,2008-01-23,31.48,32.049999,31.040001,31.93,24.045588000000002,137597400
2529,2008-01-24,32.349998,33.360001000000004,32.119999,33.25,25.039645999999998,155640400
2530,2008-01-25,34.900002,35.0,32.869999,32.939999,24.80619,196992300
2531,2008-01-28,33.02,33.099998,32.419998,32.720001,24.640518,81019000
2532,2008-01-29,32.849998,32.889998999999996,32.349998,32.599998,24.550142,68023000
2533,2008-01-30,32.560001,32.799999,32.049999,32.200001,24.248922,106432600
2534,2008-01-31,31.91,32.740002000000004,31.719998999999998,32.599998,24.550142,103642200
2535,2008-02-01,31.059998999999998,33.25,30.25,30.450001,22.931044,291138900
2536,2008-02-04,30.49,30.719998999999998,30.110001,30.190001000000002,22.735247,119998600
2537,2008-02-05,29.91,29.940001000000002,28.889999,29.07,21.8918,137534100
2538,2008-02-06,29.280001000000002,29.35,28.290001,28.52,21.477613,138315600
2539,2008-02-07,28.34,28.780001000000002,27.9,28.120001000000002,21.176392,164964900
2540,2008-02-08,28.290001,29.08,28.24,28.559998999999998,21.507734,124872000
2541,2008-02-11,28.52,28.610001,27.91,28.209999,21.244167,156814100
2542,2008-02-12,28.43,28.620001000000002,28.110001,28.34,21.342057999999998,84365900
2543,2008-02-13,28.620001000000002,29.049999,28.530001000000002,28.959999,21.808968,88986200
2544,2008-02-14,28.879998999999998,29.040001,28.459999,28.5,21.462555,69113500
2545,2008-02-15,28.309998999999998,28.639999,28.25,28.42,21.402307999999998,68166100
2546,2008-02-19,28.799999,28.84,28.07,28.17,21.296463,68261200
2547,2008-02-20,28.15,28.26,27.92,28.219998999999998,21.334265,93056200
2548,2008-02-21,28.620001000000002,28.959999,27.959999,28.1,21.243551,98776500
2549,2008-02-22,28.24,28.389999,27.200001,27.68,20.926029,125705400
2550,2008-02-25,27.65,28.24,27.48,27.84,21.046989,109974300
2551,2008-02-26,27.74,28.860001,27.67,28.379998999999998,21.455233,108923500
2552,2008-02-27,28.190001000000002,28.68,28.1,28.26,21.364506,75199500
2553,2008-02-28,28.02,28.27,27.799999,27.93,21.115028,83002900
2554,2008-02-29,27.690001000000002,27.83,27.02,27.200001,20.563154,117411400
2555,2008-03-03,27.24,27.389999,26.870001000000002,26.99,20.404388,76544300
2556,2008-03-04,27.02,27.629998999999998,26.959999,27.59,20.85799,86925600
2557,2008-03-05,27.75,28.41,27.700001,28.120001000000002,21.258673,106489800
2558,2008-03-06,28.059998999999998,28.17,27.5,27.57,20.842869,91127700
2559,2008-03-07,27.34,28.07,27.32,27.870001000000002,21.069670000000002,77597600
2560,2008-03-10,27.83,28.26,27.75,28.049999,21.205748,72175100
2561,2008-03-11,28.4,29.34,28.379998999999998,29.280001000000002,22.135622,98740700
2562,2008-03-12,29.43,29.49,28.540001,28.629998999999998,21.644223999999998,75993800
2563,2008-03-13,28.540001,28.99,28.16,28.620001000000002,21.636669,84552200
2564,2008-03-14,28.719998999999998,29.01,27.639999,27.959999,21.137709,105214900
2565,2008-03-17,27.299999,28.73,27.280001000000002,28.299999,21.394743,84490100
2566,2008-03-18,28.67,29.48,28.67,29.42,22.241464999999998,83695300
2567,2008-03-19,29.379998999999998,29.59,28.620001000000002,28.620001000000002,21.636669,61442100
2568,2008-03-20,28.74,29.219998999999998,28.59,29.18,22.060022,60170200
2569,2008-03-24,29.33,29.4,29.059998999999998,29.17,22.05246,48294700
2570,2008-03-25,29.33,29.370001000000002,28.940001000000002,29.139999,22.029785,49149000
2571,2008-03-26,29.030001000000002,29.07,28.379998999999998,28.559998999999998,21.591301,45868100
2572,2008-03-27,28.48,28.49,28.0,28.049999,21.205748,47894400
2573,2008-03-28,28.23,28.43,27.83,27.91,21.099907,49244000
2574,2008-03-31,27.879998999999998,28.59,27.84,28.379998999999998,21.455233,46780600
2575,2008-04-01,28.83,29.540001,28.629998999999998,29.5,22.301942999999998,65796200
2576,2008-04-02,29.57,29.58,29.0,29.16,22.044898999999997,49499400
2577,2008-04-03,29.0,29.32,28.799999,29.0,21.923944,38961400
2578,2008-04-04,29.129998999999998,29.26,28.74,29.16,22.044898999999997,43860800
2579,2008-04-07,29.549999,29.59,29.030001000000002,29.16,22.044898999999997,44428600
2580,2008-04-08,28.940001000000002,29.0,28.540001,28.75,21.734947000000002,44733500
2581,2008-04-09,28.719998999999998,29.040001,28.540001,28.889999,21.840784,45839300
2582,2008-04-10,28.83,29.4,28.799999,29.110001,22.007105,65591600
2583,2008-04-11,28.870001000000002,29.01,28.209999,28.280001000000002,21.379622,54373700
2584,2008-04-14,28.24,28.309998999999998,27.93,28.059998999999998,21.213306,43418100
2585,2008-04-15,28.120001000000002,28.48,28.030001000000002,28.25,21.356945,34310000
2586,2008-04-16,28.57,29.049999,28.379998999999998,28.950001,21.886147,54107400
2587,2008-04-17,29.120001000000002,29.34,28.9,29.219998999999998,22.090265,48743300
2588,2008-04-18,30.01,30.1,29.610001,30.0,22.679939,73658900
2589,2008-04-21,30.190001000000002,30.6,30.120001000000002,30.42,22.997457999999998,54411700
2590,2008-04-22,30.639999,30.700001,29.969998999999998,30.25,22.868942,67387500
2591,2008-04-23,30.450001,31.459999,30.299999,31.450001,23.776138,98351500
2592,2008-04-24,31.629998999999998,32.099998,31.16,31.799999,24.040733,115416700
2593,2008-04-25,30.049999,30.389999,29.6,29.83,22.551422,145194900
2594,2008-04-28,29.799999,29.84,28.82,28.99,21.916382000000002,97473000
2595,2008-04-29,28.799999,28.9,28.450001,28.639999,21.651781,84428900
2596,2008-04-30,28.74,29.209999,28.51,28.52,21.561066,74733600
2597,2008-05-01,28.5,29.49,28.48,29.4,22.226341,71699400
2598,2008-05-02,29.59,29.620001000000002,28.860001,29.24,22.105387,66024200
2599,2008-05-05,29.93,30.23,28.99,29.08,21.984423,119687700
2600,2008-05-06,29.0,29.860001,28.93,29.700001,22.453142,93582000
2601,2008-05-07,29.690001000000002,30.139999,29.08,29.209999,22.082703,88775000
2602,2008-05-08,29.280001000000002,29.389999,29.0,29.27,22.128069,69589900
2603,2008-05-09,29.209999,29.549999,28.950001,29.389999,22.218784,51621200
2604,2008-05-12,29.4,30.059998999999998,29.35,29.99,22.672384,64278800
2605,2008-05-13,30.0,30.129998999999998,29.530001000000002,29.780001000000002,22.596508,70934700
2606,2008-05-14,29.889999,30.26,29.73,29.93,22.71032,66730400
2607,2008-05-15,29.98,30.530001000000002,29.940001000000002,30.450001,23.104886999999998,53355800
2608,2008-05-16,30.469998999999998,30.48,29.92,29.99,22.75585,81538200
2609,2008-05-19,29.870001000000002,29.889999,29.309998999999998,29.459999,22.353691,59615000
2610,2008-05-20,29.299999,29.309998999999998,28.629998999999998,28.76,21.82255,75767600
2611,2008-05-21,28.809998999999998,29.049999,28.190001000000002,28.25,21.435564000000003,60125100
2612,2008-05-22,28.280001000000002,28.700001,28.18,28.469998999999998,21.602497,52203100
2613,2008-05-23,28.26,28.33,27.950001,28.049999,21.28381,48890700
2614,2008-05-27,28.110001,28.5,28.049999,28.440001000000002,21.579739,47334500
2615,2008-05-28,28.559998999999998,28.57,28.040001,28.18,21.382458,52318500
2616,2008-05-29,28.209999,28.68,28.139999,28.309998999999998,21.481096,47699200
2617,2008-05-30,28.379998999999998,28.700001,28.200001,28.32,21.488682,63399200
2618,2008-06-02,28.24,28.360001,27.549999,27.799999,21.094117999999998,77028400
2619,2008-06-03,27.91,28.309998999999998,27.27,27.309998999999998,20.722317,86616700
2620,2008-06-04,27.280001000000002,27.639999,27.200001,27.540001,20.896835,79567400
2621,2008-06-05,27.719998999999998,28.299999,27.6,28.299999,21.473501000000002,76063400
2622,2008-06-06,27.99,28.17,27.49,27.49,20.858898,78500800
2623,2008-06-09,27.65,27.91,27.299999,27.709999,21.025827,66787100
2624,2008-06-10,27.360001,28.290001,27.32,27.889999,21.162407,77433900
2625,2008-06-11,27.85,27.940001000000002,27.110001,27.120001000000002,20.578154,59330800
2626,2008-06-12,27.4,28.549999,27.190001000000002,28.24,21.427984,113996300
2627,2008-06-13,28.629998999999998,29.57,28.5,29.07,22.057766,131969100
2628,2008-06-16,29.02,29.110001,28.639999,28.93,21.951539999999998,74718900
2629,2008-06-17,29.040001,29.120001000000002,28.790001,28.799999,21.852898,44256700
2630,2008-06-18,28.549999,28.860001,28.459999,28.459999,21.594908,49677800
2631,2008-06-19,28.549999,29.190001000000002,28.33,28.93,21.951539999999998,62037800
2632,2008-06-20,28.9,28.92,28.1,28.23,21.420401000000002,97480400
2633,2008-06-23,28.299999,28.41,27.790001,27.969998999999998,21.223112,57145300
2634,2008-06-24,27.92,28.01,27.51,27.73,21.041,65218300
2635,2008-06-25,27.809998999999998,28.67,27.76,28.35,21.511444,64280200
2636,2008-06-26,28.030001000000002,28.200001,27.75,27.75,21.056182999999997,67049100
2637,2008-06-27,27.68,27.91,27.459999,27.629998999999998,20.965122,73450200
2638,2008-06-30,27.73,27.98,27.49,27.51,20.874075,57830500
2639,2008-07-01,27.27,27.379998999999998,26.440001000000002,26.870001000000002,20.388456,100327800
2640,2008-07-02,26.9,27.0,25.879998999999998,25.879998999999998,19.637255,84669000
2641,2008-07-03,25.969998999999998,26.1,25.6,25.98,19.713137,37074500
2642,2008-07-07,26.110001,26.389999,25.450001,26.030001000000002,19.751076,71527600
2643,2008-07-08,25.93,26.200001,25.51,25.85,19.614498,65553200
2644,2008-07-09,25.790001,25.85,25.18,25.23,19.144054,54255800
2645,2008-07-10,25.200001,25.67,24.98,25.450001,19.310979999999997,57830600
2646,2008-07-11,25.16,25.639999,24.870001000000002,25.25,19.159226999999998,69532600
2647,2008-07-14,25.48,25.809998999999998,25.07,25.15,19.083349,51216200
2648,2008-07-15,24.93,26.639999,24.93,26.15,19.842125,92719300
2649,2008-07-16,26.129998999999998,27.290001,25.92,27.26,20.684378,82060400
2650,2008-07-17,27.58,27.91,27.110001,27.52,20.881662,96526100
2651,2008-07-18,26.360001,26.469998999999998,25.110001,25.860001,19.622082000000002,150277000
2652,2008-07-21,25.66,26.17,25.530001000000002,25.639999,19.455153,77575600
2653,2008-07-22,25.540001,25.940001000000002,25.48,25.799999,19.576557,88657200
2654,2008-07-23,25.860001,26.84,25.85,26.43,20.054585999999997,79408800
2655,2008-07-24,26.09,26.17,25.440001000000002,25.440001000000002,19.303394,81092600
2656,2008-07-25,25.639999,26.219998999999998,25.5,26.16,19.849712,58682300
2657,2008-07-28,26.059998999999998,26.110001,25.34,25.5,19.348919,59707800
2658,2008-07-29,25.52,26.190001000000002,25.4,26.110001,19.811775,66368200
2659,2008-07-30,26.200001,26.49,25.9,26.23,19.902829999999998,51977700
2660,2008-07-31,25.85,26.280001000000002,25.709999,25.719998999999998,19.515852,60461000
2661,2008-08-01,25.92,25.950001,25.07,25.440001000000002,19.303394,82720200
2662,2008-08-04,25.389999,25.549999,25.110001,25.280001000000002,19.181988,60588300
2663,2008-08-05,25.639999,26.280001000000002,25.5,26.209999,19.887655,84297600
2664,2008-08-06,26.73,27.16,26.379998999999998,27.02,20.502266,95550000
2665,2008-08-07,26.9,27.75,26.73,27.389999,20.783016,82565800
2666,2008-08-08,27.35,28.23,27.190001000000002,28.129998999999998,21.344513,80814100
2667,2008-08-11,27.860001,28.4,27.66,27.9,21.169994,68743800
2668,2008-08-12,27.780001000000002,28.360001,27.58,28.120001000000002,21.336927,62813000
2669,2008-08-13,28.07,28.5,27.76,27.91,21.177585999999998,51165200
2670,2008-08-14,27.82,28.280001000000002,27.559998999999998,27.91,21.177585999999998,49732300
2671,2008-08-15,27.98,28.15,27.58,27.809998999999998,21.101706,47267400
2672,2008-08-18,27.780001000000002,28.049999,27.549999,27.690001000000002,21.010651,38078200
2673,2008-08-19,27.540001,27.75,27.27,27.32,20.812586,40332900
2674,2008-08-20,27.540001,27.58,27.17,27.290001,20.78973,41497200
2675,2008-08-21,27.1,27.23,26.860001,27.18,20.705929,43614200
2676,2008-08-22,27.23,27.879998999999998,27.219998999999998,27.84,21.208729,47930400
2677,2008-08-25,27.610001,27.84,27.459999,27.66,21.071594,51381300
2678,2008-08-26,27.58,27.719998999999998,27.17,27.27,20.774492000000002,44774400
2679,2008-08-27,27.34,27.790001,27.129998999999998,27.559998999999998,20.995420000000003,33975300
2680,2008-08-28,27.610001,28.01,27.6,27.940001000000002,21.284903,48372600
2681,2008-08-29,27.68,27.780001000000002,27.290001,27.290001,20.78973,50735500
2682,2008-09-02,27.67,27.76,27.059998999999998,27.1,20.644993,66079200
2683,2008-09-03,27.0,27.18,26.84,26.9,20.492617000000003,57127700
2684,2008-09-04,26.74,26.889999,26.35,26.35,20.073629,66141900
2685,2008-09-05,26.030001000000002,26.219998999999998,25.629998999999998,25.65,19.540363,82305200
2686,2008-09-08,26.209999,26.33,25.67,26.120001000000002,19.898417000000002,62110800
2687,2008-09-09,26.200001,26.6,26.049999,26.1,19.883181,85735700
2688,2008-09-10,26.52,26.860001,26.25,26.440001000000002,20.142189000000002,75064900
2689,2008-09-11,26.1,27.459999,26.030001000000002,27.34,20.827814,72913300
2690,2008-09-12,27.139999,27.74,26.940001000000002,27.620001000000002,21.041128,75628500
2691,2008-09-15,26.92,27.49,26.73,26.82,20.431677,82349400
2692,2008-09-16,26.09,26.49,25.52,25.99,19.799374,111729700
2693,2008-09-17,25.73,25.870001000000002,24.5,24.57,18.717609,106972100
2694,2008-09-18,24.799999,25.35,24.01,25.26,19.243254,132291300
2695,2008-09-19,26.370001000000002,26.4,23.5,25.16,19.167078,134926100
2696,2008-09-22,26.219998999999998,26.32,25.32,25.4,19.349909,105207700
2697,2008-09-23,25.66,26.17,25.34,25.440001000000002,19.380384,92181300
2698,2008-09-24,25.58,26.09,25.459999,25.719998999999998,19.593689,80250300
2699,2008-09-25,25.82,26.879998999999998,25.74,26.610001,20.2717,96203500
2700,2008-09-26,26.17,27.559998999999998,26.139999,27.4,20.873520000000003,100744300
2701,2008-09-29,26.940001000000002,27.66,25.01,25.01,19.052801000000002,134383100
2702,2008-09-30,25.77,26.690001000000002,25.540001,26.690001000000002,20.332642,107192700
2703,2008-10-01,26.379998999999998,26.99,26.280001000000002,26.48,20.172663,88957000
2704,2008-10-02,26.18,26.530001000000002,25.700001,26.25,19.99745,93819800
2705,2008-10-03,26.370001000000002,27.469998999999998,26.24,26.32,20.05077,114289400
2706,2008-10-06,25.629998999999998,25.99,24.139999,24.91,18.97662,146374600
2707,2008-10-07,24.98,25.209999,23.139999,23.23,17.696789000000003,145941200
2708,2008-10-08,22.9,24.299999,22.5,23.01,17.529196,171598600
2709,2008-10-09,23.77,23.91,22.07,22.299999,16.988306,131948700
2710,2008-10-10,21.790001,22.35,20.65,21.5,16.378864,228467500
2711,2008-10-13,22.860001,25.5,22.629998999999998,25.5,19.426094,144935400
2712,2008-10-14,25.639999,25.73,23.6,24.1,18.359564000000002,165674900
2713,2008-10-15,23.780001000000002,24.25,22.48,22.66,17.262554,113280200
2714,2008-10-16,22.940001000000002,24.190001000000002,21.309998999999998,24.190001000000002,18.428125,161147800
2715,2008-10-17,23.57,25.110001,23.309998999999998,23.93,18.230059,133673100
2716,2008-10-20,24.200001,24.75,23.01,24.719998999999998,18.831885999999997,93484300
2717,2008-10-21,24.299999,25.01,23.27,23.360001,17.795824,100385600
2718,2008-10-22,23.040001,23.059998999999998,20.9,21.530001000000002,16.40172,150054800
2719,2008-10-23,21.549999,22.59,20.889999,22.32,17.003542000000003,154774100
2720,2008-10-24,21.059998999999998,22.860001,20.950001,21.959999,16.729295999999998,153919700
2721,2008-10-27,21.67,21.959999,21.02,21.18,16.135084,117683900
2722,2008-10-28,21.639999,23.209999,21.34,23.1,17.597752,134088800
2723,2008-10-29,23.129998999999998,23.969998999999998,22.700001,23.0,17.521578,111701800
2724,2008-10-30,23.690001000000002,23.879998999999998,22.389999,22.629998999999998,17.239704,95323000
2725,2008-10-31,22.530001000000002,22.91,22.120001000000002,22.33,17.011156,93055200
2726,2008-11-03,22.48,22.91,22.209999,22.620001000000002,17.232086,61923500
2727,2008-11-04,23.129998999999998,23.66,22.870001000000002,23.530001000000002,17.925335,72123000
2728,2008-11-05,23.33,23.34,22.049999,22.08,16.820709,81179700
2729,2008-11-06,21.870001000000002,22.08,20.860001,20.879998999999998,15.906541,95509700
2730,2008-11-07,21.32,21.540001,21.0,21.5,16.378864,71256300
2731,2008-11-10,21.85,21.969998999999998,21.190001000000002,21.299999,16.226501000000003,67106800
2732,2008-11-11,21.290001,21.299999,20.790001,21.200001,16.15032,78014500
2733,2008-11-12,20.889999,21.0,20.280001000000002,20.299999,15.464697,90162300
2734,2008-11-13,20.15,21.25,18.74,21.25,16.18841,148413700
2735,2008-11-14,20.559998999999998,21.34,19.65,20.059998999999998,15.281857,96624500
2736,2008-11-17,19.74,20.24,19.15,19.32,14.718122,97289000
2737,2008-11-18,19.5,19.66,18.75,19.620001000000002,15.047916,108966500
2738,2008-11-19,19.629998999999998,19.950001,18.25,18.290001,14.027848,103010500
2739,2008-11-20,18.120001000000002,18.84,17.5,17.530001000000002,13.444954999999998,139532800
2740,2008-11-21,18.02,19.700001,17.98,19.68,15.093937,157231900
2741,2008-11-24,19.889999,20.940001000000002,19.870001000000002,20.690001000000002,15.868571,125289900
2742,2008-11-25,20.860001,20.93,19.549999,19.99,15.331697,92948100
2743,2008-11-26,19.73,20.68,19.73,20.49,15.715182999999998,79678300
2744,2008-11-28,20.23,20.309998999999998,20.02,20.219998999999998,15.508099,28650800
2745,2008-12-01,19.879998999999998,19.950001,18.6,18.610001,14.273283,79639900
2746,2008-12-02,18.99,19.309998999999998,18.559998999999998,19.15,14.687441,79689800
2747,2008-12-03,18.65,19.9,18.6,19.870001000000002,15.239663,80961500
2748,2008-12-04,19.4,19.92,18.790001,19.110001,14.656765,78719200
2749,2008-12-05,18.91,19.98,18.469998999999998,19.870001000000002,15.239663,91996200
2750,2008-12-08,20.35,21.25,20.139999,21.01,16.114002,107225000
2751,2008-12-09,20.620001000000002,21.25,20.459999,20.6,15.799551000000001,80484900
2752,2008-12-10,20.82,20.959999,20.299999,20.610001,15.807216,61499000
2753,2008-12-11,20.110001,20.120001000000002,19.309998999999998,19.450001,14.917532000000001,83564300
2754,2008-12-12,19.15,19.85,18.700001,19.360001,14.848506,78112600
2755,2008-12-15,19.34,19.440001000000002,18.889999,19.040001,14.603076999999999,59925900
2756,2008-12-16,19.209999,20.18,19.0,20.110001,15.423732000000001,97688700
2757,2008-12-17,19.809998999999998,20.049999,19.5,19.66,15.078598999999999,78922700
2758,2008-12-18,19.860001,20.02,18.99,19.299999,14.802489000000001,80759200
2759,2008-12-19,19.42,19.799999,19.110001,19.120001000000002,14.664439999999999,113530400
2760,2008-12-22,19.24,19.290001,18.889999,19.18,14.710451,58575400
2761,2008-12-23,19.280001000000002,19.57,19.01,19.280001000000002,14.78715,47511400
2762,2008-12-24,19.26,19.450001,19.1,19.17,14.702779000000001,16880400
2763,2008-12-26,19.200001,19.33,19.09,19.129998999999998,14.6721,23101000
2764,2008-12-29,19.15,19.209999,18.639999,18.959999,14.541719,58512800
2765,2008-12-30,19.01,19.49,19.0,19.34,14.833172,43224100
2766,2008-12-31,19.309998999999998,19.68,19.27,19.440001000000002,14.909866000000001,46419000
2767,2009-01-02,19.530001000000002,20.4,19.370001000000002,20.33,15.592469,50084000
2768,2009-01-05,20.200001,20.67,20.059998999999998,20.52,15.738195000000001,61475200
2769,2009-01-06,20.75,21.0,20.610001,20.76,15.922266,58083400
2770,2009-01-07,20.190001000000002,20.290001,19.48,19.51,14.963554,72709900
2771,2009-01-08,19.629998999999998,20.190001000000002,19.549999,20.120001000000002,15.431398999999999,70255400
2772,2009-01-09,20.17,20.299999,19.41,19.52,14.971217999999999,49815300
2773,2009-01-12,19.709999,19.790001,19.299999,19.469998999999998,14.932869,52163500
2774,2009-01-13,19.52,19.99,19.52,19.82,15.201310999999999,65843500
2775,2009-01-14,19.530001000000002,19.68,19.01,19.09,14.641423999999999,80257500
2776,2009-01-15,19.07,19.299999,18.52,19.24,14.756468,96169800
2777,2009-01-16,19.629998999999998,19.91,19.15,19.709999,15.116944,79634100
2778,2009-01-20,19.459999,19.620001000000002,18.370001000000002,18.48,14.173573000000001,89873000
2779,2009-01-21,18.870001000000002,19.450001,18.459999,19.379998999999998,14.863844,68340900
2780,2009-01-22,18.049999,18.18,17.07,17.110001,13.122831,222436600
2781,2009-01-23,16.969998999999998,17.49,16.75,17.200001,13.191854000000001,117020600
2782,2009-01-26,17.290001,17.809998999999998,17.23,17.629998999999998,13.521647,92476500
2783,2009-01-27,17.780001000000002,17.969998999999998,17.43,17.66,13.54466,61695000
2784,2009-01-28,17.799999,18.309998999999998,17.76,18.040001,13.836110000000001,64145500
2785,2009-01-29,17.780001000000002,17.959999,17.559998999999998,17.59,13.490972,49192800
2786,2009-01-30,17.74,17.790001,17.1,17.1,13.115162,62370900
2787,2009-02-02,17.030001000000002,18.129998999999998,17.0,17.83,13.675047,88871700
2788,2009-02-03,17.85,18.610001,17.6,18.5,14.188914000000002,86865100
2789,2009-02-04,18.540001,19.0,18.5,18.629998999999998,14.288616000000001,75618000
2790,2009-02-05,18.51,19.139999,18.25,19.040001,14.603076999999999,75195200
2791,2009-02-06,19.16,19.93,19.059998999999998,19.66,15.078598999999999,86746000
2792,2009-02-09,19.639999,19.77,19.26,19.440001000000002,14.909866000000001,52196400
2793,2009-02-10,19.25,19.799999,18.700001,18.799999,14.419001000000002,83953200
2794,2009-02-11,18.940001000000002,19.49,18.92,19.209999,14.733459,58599000
2795,2009-02-12,18.969998999999998,19.32,18.540001,19.26,14.77181,75323200
2796,2009-02-13,19.27,19.469998999999998,19.040001,19.09,14.641423999999999,47416000
2797,2009-02-17,18.49,18.5,17.889999,18.09,13.969582999999998,75853300
2798,2009-02-18,18.219998999999998,18.450001,18.0,18.120001000000002,13.992751,54946900
2799,2009-02-19,18.299999,18.379998999999998,17.809998999999998,17.91,13.830588,49195600
2800,2009-02-20,17.77,18.190001000000002,17.66,18.0,13.900089000000001,69413800
2801,2009-02-23,18.02,18.15,17.16,17.209999,13.290026999999998,70803400
2802,2009-02-24,17.030001000000002,17.35,16.360001,17.17,13.259138,122674500
2803,2009-02-25,17.01,17.24,16.459999,16.959999,13.096972000000001,105894600
2804,2009-02-26,17.049999,17.08,16.42,16.42,12.679966,83219500
2805,2009-02-27,16.290001,16.52,16.1,16.15,12.471465,93428000
2806,2009-03-02,15.96,16.25,15.72,15.79,12.193467,80602100
2807,2009-03-03,16.030001000000002,16.24,15.64,15.88,12.262964,80476600
2808,2009-03-04,16.120001000000002,16.4,15.89,16.120001000000002,12.448302,69285100
2809,2009-03-05,15.86,15.88,15.27,15.27,11.791907,89708500
2810,2009-03-06,15.35,15.62,14.87,15.28,11.799628,92821400
2811,2009-03-09,15.2,15.74,15.1,15.15,11.69924,66479100
2812,2009-03-10,15.37,16.620001000000002,15.25,16.48,12.726303,95184200
2813,2009-03-11,16.629998999999998,17.200001,16.43,17.110001,13.212805,84522200
2814,2009-03-12,17.01,17.040001,16.48,17.01,13.135584,93694100
2815,2009-03-13,16.98,17.049999,16.18,16.65,12.857578,82965800
2816,2009-03-16,16.82,16.959999,16.24,16.25,12.548688,67028900
2817,2009-03-17,16.32,16.9,16.26,16.9,13.050638000000001,62481000
2818,2009-03-18,17.030001000000002,17.219998999999998,16.6,16.959999,13.096972000000001,70710700
2819,2009-03-19,17.370001000000002,17.450001,16.92,17.139999,13.235970000000002,58994600
2820,2009-03-20,17.32,17.65,16.879998999999998,17.059998999999998,13.17419,81725500
2821,2009-03-23,17.370001000000002,18.59,17.309998999999998,18.33,14.154922000000001,71600000
2822,2009-03-24,18.040001,18.209999,17.84,17.93,13.846035,50044100
2823,2009-03-25,17.98,18.309998999999998,17.52,17.879998999999998,13.807421,73927100
2824,2009-03-26,18.17,18.879998999999998,18.120001000000002,18.83,14.541035999999998,63775100
2825,2009-03-27,18.540001,18.620001000000002,18.049999,18.129998999999998,14.000476,47670400
2826,2009-03-30,17.74,17.76,17.27,17.48,13.498528,49633000
2827,2009-03-31,17.83,18.790001,17.780001000000002,18.370001000000002,14.185816,92423300
2828,2009-04-01,18.23,19.360001,18.18,19.309998999999998,14.911706,96438900
2829,2009-04-02,19.5,19.889999,19.0,19.290001,14.896262,99082300
2830,2009-04-03,19.129998999999998,19.15,18.43,18.75,14.479254999999998,81858400
2831,2009-04-06,18.540001,18.76,18.27,18.76,14.486982999999999,47476100
2832,2009-04-07,18.76,19.139999,18.629998999999998,18.76,14.486982999999999,65815200
2833,2009-04-08,18.969998999999998,19.620001000000002,18.959999,19.190001000000002,14.819037,56408900
2834,2009-04-09,19.450001,19.700001,19.219998999999998,19.67,15.189708,55759600
2835,2009-04-13,19.690001000000002,19.85,19.370001000000002,19.59,15.12793,44444700
2836,2009-04-14,19.440001000000002,19.549999,19.0,19.35,14.94259,63796300
2837,2009-04-15,19.209999,19.25,18.51,18.83,14.541035999999998,72725500
2838,2009-04-16,19.16,19.780001000000002,18.99,19.76,15.259205999999999,67688700
2839,2009-04-17,19.690001000000002,19.690001000000002,19.0,19.200001,14.826761999999999,61398500
2840,2009-04-20,18.889999,18.950001,18.57,18.610001,14.371145,62937200
2841,2009-04-21,18.59,19.08,18.57,18.969998999999998,14.649149,60928300
2842,2009-04-22,18.76,19.190001000000002,18.700001,18.780001000000002,14.502425,59401000
2843,2009-04-23,18.92,18.940001000000002,18.469998999999998,18.92,14.610532999999998,86116300
2844,2009-04-24,19.82,21.200001,19.5,20.91,16.147270000000002,168478500
2845,2009-04-27,20.549999,20.82,20.280001000000002,20.4,15.753426000000001,68219600
2846,2009-04-28,20.25,20.27,19.790001,19.93,15.390482,76685200
2847,2009-04-29,20.110001,20.889999,20.059998999999998,20.25,15.637594,79301600
2848,2009-04-30,20.6,21.1,20.01,20.26,15.645320000000002,87439900
2849,2009-05-01,20.190001000000002,20.35,19.860001,20.24,15.629875,63224500
2850,2009-05-04,20.370001000000002,20.4,19.98,20.190001000000002,15.591264,54313400
2851,2009-05-05,20.139999,20.24,19.639999,19.790001,15.282372,66835500
2852,2009-05-06,20.059998999999998,20.07,19.610001,19.790001,15.282372,59639100
2853,2009-05-07,19.959999,19.99,19.139999,19.32,14.919426000000001,68727200
2854,2009-05-08,19.459999,19.639999,19.139999,19.42,14.996654999999999,67597600
2855,2009-05-11,19.200001,19.73,19.01,19.32,14.919426000000001,63762600
2856,2009-05-12,19.51,20.059998999999998,19.469998999999998,19.889999,15.359591,71966800
2857,2009-05-13,19.92,20.0,19.67,19.75,15.251481,49281700
2858,2009-05-14,19.83,20.23,19.799999,20.059998999999998,15.490876,54539500
2859,2009-05-15,20.129998999999998,20.5,19.98,20.219998999999998,15.614432,61289900
2860,2009-05-18,20.360001,20.6,20.24,20.6,15.907879000000001,46073800
2861,2009-05-19,20.51,20.74,20.25,20.309998999999998,15.783531,51368300
2862,2009-05-20,20.41,20.690001000000002,20.219998999999998,20.379998999999998,15.837933999999999,47450700
2863,2009-05-21,20.139999,20.23,19.51,19.82,15.40274,58232800
2864,2009-05-22,19.93,20.17,19.469998999999998,19.75,15.348342,37318700
2865,2009-05-26,19.540001,20.450001,19.450001,20.34,15.806851000000002,44991700
2866,2009-05-27,20.25,20.6,20.07,20.129998999999998,15.643651,42892900
2867,2009-05-28,20.32,20.629998999999998,20.049999,20.450001,15.892332999999999,45480800
2868,2009-05-29,20.559998999999998,20.940001000000002,20.299999,20.889999,16.234270000000002,46134900
2869,2009-06-01,21.0,21.5,20.860001,21.4,16.630613,57317100
2870,2009-06-02,21.360001,21.98,21.200001,21.4,16.630613,48935700
2871,2009-06-03,21.309998999999998,21.76,21.290001,21.73,16.88706,56039600
2872,2009-06-04,21.77,21.9,21.58,21.83,16.964776999999998,42330000
2873,2009-06-05,21.959999,22.309998999999998,21.809998999999998,22.139999,17.205687,59579200
2874,2009-06-08,21.98,22.32,21.629998999999998,22.049999,17.135745999999997,49000600
2875,2009-06-09,22.059998999999998,22.32,21.879998999999998,22.08,17.159063,50887700
2876,2009-06-10,22.17,22.620001000000002,22.120001000000002,22.549999,17.524307,61297200
2877,2009-06-11,22.59,23.26,22.57,22.83,17.741909,65124600
2878,2009-06-12,22.9,23.379998999999998,22.74,23.33,18.130478,50963500
2879,2009-06-15,23.23,23.540001,23.02,23.42,18.200417,69089600
2880,2009-06-16,23.469998999999998,24.110001,23.440001000000002,23.450001,18.223732000000002,105295600
2881,2009-06-17,23.5,23.82,23.17,23.68,18.40247,86483100
2882,2009-06-18,23.620001000000002,23.690001000000002,23.299999,23.5,18.262585,58852200
2883,2009-06-19,24.040001,24.34,23.75,24.07,18.705548999999998,115459000
2884,2009-06-22,23.950001,23.950001,23.25,23.280001000000002,18.091619,71291600
2885,2009-06-23,23.379998999999998,23.66,23.209999,23.34,18.138243,56752700
2886,2009-06-24,23.450001,23.75,23.360001,23.469998999999998,18.239264000000002,54287700
2887,2009-06-25,23.43,23.92,23.200001,23.790001,18.487957,57724300
2888,2009-06-26,23.57,23.690001000000002,23.32,23.35,18.146015,65126400
2889,2009-06-29,23.6,24.030001000000002,23.549999,23.860001,18.542348999999998,62854900
2890,2009-06-30,23.969998999999998,24.24,23.629998999999998,23.77,18.472412,66452400
2891,2009-07-01,24.049999,24.299999,23.959999,24.040001,18.682236,54908400
2892,2009-07-02,23.76,24.040001,23.209999,23.370001000000002,18.16156,65422200
2893,2009-07-06,23.209999,23.280001000000002,22.870001000000002,23.200001,18.029449,49207700
2894,2009-07-07,23.08,23.139999,22.459999,22.530001000000002,17.508764000000003,52842500
2895,2009-07-08,22.309998999999998,22.690001000000002,22.0,22.559998999999998,17.532084,73023400
2896,2009-07-09,22.65,22.809998999999998,22.370001000000002,22.440001000000002,17.438826000000002,46981200
2897,2009-07-10,22.190001000000002,22.540001,22.15,22.389999,17.399971,43229200
2898,2009-07-13,22.42,23.290001,22.139999,23.23,18.052754999999998,67584000
2899,2009-07-14,23.200001,23.219998999999998,22.860001,23.110001,17.959501,45448700
2900,2009-07-15,23.75,24.120001000000002,23.559998999999998,24.120001000000002,18.744404,67238700
2901,2009-07-16,23.93,24.440001000000002,23.860001,24.440001000000002,18.993085999999998,64555100
2902,2009-07-17,24.4,24.450001,24.1,24.290001,18.876520000000003,52860100
2903,2009-07-20,24.440001000000002,24.530001000000002,24.15,24.530001000000002,19.063032,47798000
2904,2009-07-21,24.690001000000002,24.83,24.370001000000002,24.83,19.296169,52028400
2905,2009-07-22,24.700001,24.9,24.51,24.799999,19.272858,66192500
2906,2009-07-23,24.93,25.719998999999998,24.84,25.559998999999998,19.863478,106060500
2907,2009-07-24,23.610001,23.889999,22.809998999999998,23.450001,18.223732000000002,215135700
2908,2009-07-27,23.440001000000002,23.450001,22.9,23.110001,17.959501,80950000
2909,2009-07-28,22.99,23.549999,22.9,23.469998999999998,18.239264000000002,70288400
2910,2009-07-29,23.73,23.91,23.34,23.799999,18.495726,73626900
2911,2009-07-30,24.200001,24.43,23.709999,23.809998999999998,18.503496,67820000
2912,2009-07-31,23.77,24.07,23.5,23.52,18.278131,54258200
2913,2009-08-03,23.82,23.860001,23.5,23.83,18.519037,46902900
2914,2009-08-04,23.68,23.790001,23.530001000000002,23.77,18.472412,49218300
2915,2009-08-05,23.84,24.25,23.790001,23.809998999999998,18.503496,53310300
2916,2009-08-06,23.93,23.98,23.27,23.459999,18.231499,59686000
2917,2009-08-07,23.75,23.82,23.5,23.559998999999998,18.309212,46169700
2918,2009-08-10,23.459999,23.549999,23.299999,23.42,18.200417,35261900
2919,2009-08-11,23.32,23.4,23.049999,23.129998999999998,17.975044,33615800
2920,2009-08-12,23.129998999999998,23.9,23.030001000000002,23.530001000000002,18.285904000000002,61972300
2921,2009-08-13,23.629998999999998,23.85,23.4,23.620001000000002,18.355843,38954500
2922,2009-08-14,23.620001000000002,23.799999,23.51,23.690001000000002,18.410239999999998,46330200
2923,2009-08-17,23.32,23.6,23.23,23.25,18.068302,42474400
2924,2009-08-18,23.290001,23.65,23.27,23.58,18.427792,38878900
2925,2009-08-19,23.25,23.719998999999998,23.25,23.65,18.482495999999998,41821300
2926,2009-08-20,23.6,23.870001000000002,23.540001,23.67,18.498123,39505900
2927,2009-08-21,23.93,24.42,23.77,24.41,19.076437,69011400
2928,2009-08-24,24.41,24.73,24.280001000000002,24.639999,19.256187,54180900
2929,2009-08-25,24.6,24.82,24.459999,24.639999,19.256187,43980300
2930,2009-08-26,24.59,24.75,24.42,24.549999,19.185844,41079000
2931,2009-08-27,24.41,24.780001000000002,24.299999,24.690001000000002,19.295256,45495600
2932,2009-08-28,25.07,25.49,24.610001,24.68,19.287441,55808000
2933,2009-08-31,24.57,24.85,24.290001,24.65,19.263996,49592800
2934,2009-09-01,24.35,24.74,23.9,24.0,18.756021,62608500
2935,2009-09-02,23.82,24.139999,23.780001000000002,23.860001,18.646607999999997,40771300
2936,2009-09-03,23.91,24.139999,23.76,24.110001,18.841991,34120000
2937,2009-09-04,24.09,24.799999,24.08,24.620001000000002,19.240555,44999700
2938,2009-09-08,24.620001000000002,24.84,24.41,24.82,19.396851,53737100
2939,2009-09-09,24.74,24.950001,24.67,24.780001000000002,19.365593,49900300
